semi-continental dégradé;océanique;océanique dégradé;méditerranéen;Aviso;Montego;Alpaga;Ptot_>20_LOW;Ptot_>20_HIGH;Ptot_20-25_LOW;Ptot_20-25_HIGH;Ptot_>25_LOW;Ptot_>25_HIGH;Ptot_25-30_LOW;Ptot_25-30_HIGH;Ptot_>30_LOW;Ptot_>30_HIGH;Ptot_<5_LOW;Ptot_<5_HIGH;P300_>20_LOW;P300_>20_HIGH;P300_20-25_LOW;P300_20-25_HIGH;P300_>25_LOW;P300_>25_HIGH;P300_25-30_LOW;P300_25-30_HIGH;P300_<5_LOW;P300_<5_HIGH;P600_>20_LOW;P600_>20_HIGH;P600_20-25_LOW;P600_20-25_HIGH;P600_>25_LOW;P600_>25_HIGH;P600_25-30_LOW;P600_25-30_HIGH;P600_<5_LOW;P600_<5_HIGH;P1000_>20_LOW;P1000_>20_HIGH;P1000_20-25_LOW;P1000_20-25_HIGH;P1000_>25_LOW;P1000_>25_HIGH;P1000_25-30_LOW;P1000_25-30_HIGH;P1000_>30_LOW;P1000_>30_HIGH;Pharv_>20_LOW;Pharv_>20_HIGH;Pharv_20-25_LOW;Pharv_20-25_HIGH;Pharv_>25_LOW;Pharv_>25_HIGH;Pharv_25-30_LOW;Pharv_25-30_HIGH;Pharvt_>30_LOW;Pharvt_>30_HIGH;seed_yield_LOW;seed_yield_HIGH;seed_nb_LOW;seed_nb_HIGH;PMG_LOW;PMG_HIGH;lipids_LOW;lipids_HIGH;proteins_LOW;proteins_HIGH
0;1;0;0;1;0;0;0;1;0;1;1;0;1;0;0;1;1;0;0;1;0;1;1;0;1;0;1;0;0;1;0;1;0;1;0;1;1;0;1;0;1;0;1;0;1;0;1;0;1;0;1;0;1;0;1;0;0;1;0;1;0;1;1;0;0;1;1;0
0;1;0;0;1;0;0;0;1;0;1;1;0;1;0;0;1;1;0;0;1;0;1;1;0;1;0;1;0;0;1;0;1;0;1;0;1;1;0;1;0;1;0;1;0;1;0;1;0;1;0;1;0;1;0;1;0;0;1;0;1;0;1;0;1;0;1;1;0
0;1;0;0;1;0;0;0;1;0;1;1;0;1;0;0;1;1;0;0;1;0;1;1;0;1;0;1;0;0;1;0;1;0;1;0;1;1;0;1;0;1;0;1;0;1;0;1;0;1;0;1;0;1;0;1;0;0;1;0;1;0;1;0;1;0;1;1;0
0;1;0;0;0;1;0;0;1;0;1;1;0;1;0;0;1;1;0;0;1;0;1;1;0;1;0;1;0;0;1;0;1;0;1;0;1;1;0;0;1;0;1;1;0;1;0;1;0;1;0;1;0;1;0;1;0;0;1;0;1;0;1;1;0;0;1;1;0
0;1;0;0;0;1;0;0;1;0;1;1;0;1;0;0;1;1;0;0;1;0;1;1;0;1;0;1;0;0;1;0;1;0;1;0;1;1;0;0;1;0;1;1;0;1;0;1;0;1;0;1;0;1;0;1;0;0;1;0;1;0;1;1;0;0;1;1;0
0;1;0;0;0;1;0;0;1;0;1;1;0;1;0;0;1;1;0;0;1;0;1;1;0;1;0;1;0;0;1;0;1;0;1;0;1;1;0;0;1;0;1;1;0;1;0;1;0;1;0;1;0;1;0;1;0;0;1;0;1;0;1;1;0;0;1;1;0
0;0;0;1;1;0;0;0;1;0;1;0;1;0;1;1;0;1;0;0;1;0;1;0;1;0;1;1;0;0;1;0;1;1;0;1;0;1;0;0;1;1;0;0;1;0;1;0;1;1;0;1;0;1;0;1;0;1;0;1;0;0;1;1;0;1;0;0;1
0;0;0;1;1;0;0;0;1;0;1;0;1;0;1;1;0;1;0;0;1;0;1;0;1;0;1;1;0;0;1;0;1;1;0;1;0;1;0;0;1;1;0;0;1;0;1;0;1;1;0;1;0;1;0;1;0;1;0;1;0;0;1;1;0;1;0;0;1
0;0;0;1;1;0;0;0;1;0;1;0;1;0;1;1;0;1;0;0;1;0;1;0;1;0;1;1;0;0;1;0;1;1;0;1;0;1;0;0;1;1;0;0;1;0;1;0;1;1;0;1;0;1;0;1;0;1;0;1;0;0;1;1;0;1;0;0;1
0;0;0;1;1;0;0;0;1;0;1;0;1;0;1;1;0;1;0;0;1;0;1;0;1;0;1;1;0;0;1;0;1;1;0;1;0;1;0;0;1;1;0;0;1;0;1;0;1;1;0;1;0;1;0;1;0;1;0;1;0;0;1;1;0;1;0;0;1
0;0;0;1;1;0;0;0;1;0;1;0;1;0;1;1;0;1;0;0;1;0;1;0;1;0;1;1;0;0;1;0;1;1;0;1;0;1;0;0;1;1;0;0;1;0;1;0;1;1;0;1;0;1;0;1;0;1;0;1;0;0;1;1;0;1;0;0;1
0;0;0;1;1;0;0;0;1;0;1;0;1;0;1;1;0;1;0;0;1;0;1;0;1;0;1;1;0;0;1;0;1;1;0;1;0;1;0;0;1;1;0;0;1;0;1;0;1;1;0;1;0;1;0;1;0;1;0;1;0;0;1;1;0;1;0;0;1
0;0;0;1;0;1;0;0;1;0;1;0;1;0;1;1;0;1;0;0;1;1;0;0;1;0;1;1;0;0;1;0;1;1;0;1;0;0;1;0;1;0;1;0;1;0;1;1;0;1;0;1;0;1;0;1;0;1;0;1;0;0;1;1;0;1;0;0;1
0;0;0;1;0;1;0;0;1;0;1;0;1;0;1;1;0;1;0;0;1;1;0;0;1;0;1;1;0;0;1;0;1;1;0;1;0;0;1;0;1;0;1;0;1;0;1;1;0;1;0;1;0;1;0;1;0;1;0;1;0;0;1;1;0;1;0;0;1
0;0;0;1;0;1;0;0;1;0;1;0;1;0;1;1;0;1;0;0;1;1;0;0;1;0;1;1;0;0;1;0;1;1;0;1;0;0;1;0;1;0;1;0;1;0;1;1;0;1;0;1;0;1;0;1;0;1;0;0;1;0;1;1;0;1;0;0;1
0;0;0;1;0;1;0;0;1;0;1;0;1;0;1;1;0;1;0;0;1;1;0;0;1;0;1;1;0;0;1;0;1;1;0;1;0;0;1;0;1;0;1;0;1;0;1;1;0;1;0;1;0;1;0;1;0;1;0;1;0;0;1;1;0;1;0;0;1
0;0;0;1;0;1;0;0;1;0;1;0;1;0;1;1;0;1;0;0;1;1;0;0;1;0;1;1;0;0;1;0;1;1;0;1;0;0;1;0;1;0;1;0;1;0;1;1;0;1;0;1;0;1;0;1;0;1;0;0;1;0;1;1;0;1;0;0;1
0;0;0;1;0;1;0;0;1;0;1;0;1;0;1;1;0;1;0;0;1;1;0;0;1;0;1;1;0;0;1;0;1;1;0;1;0;0;1;0;1;0;1;0;1;0;1;1;0;1;0;1;0;1;0;1;0;1;0;0;1;0;1;1;0;1;0;0;1
0;1;0;0;1;0;0;1;0;1;0;1;0;1;0;1;0;0;1;1;0;1;0;1;0;1;0;0;1;1;0;1;0;0;1;0;1;1;0;1;0;1;0;1;0;1;0;1;0;1;0;1;0;1;0;1;0;1;0;1;0;1;0;0;1;1;0;0;1
0;1;0;0;1;0;0;1;0;1;0;1;0;1;0;1;0;0;1;1;0;1;0;1;0;1;0;0;1;1;0;1;0;0;1;0;1;1;0;1;0;1;0;1;0;1;0;1;0;1;0;1;0;1;0;1;0;1;0;0;1;1;0;0;1;1;0;0;1
0;1;0;0;1;0;0;1;0;1;0;1;0;1;0;1;0;0;1;1;0;1;0;1;0;1;0;0;1;1;0;1;0;0;1;0;1;1;0;1;0;1;0;1;0;1;0;1;0;1;0;1;0;1;0;1;0;1;0;1;0;1;0;0;1;1;0;0;1
0;1;0;0;1;0;0;1;0;1;0;1;0;1;0;1;0;0;1;1;0;1;0;1;0;1;0;0;1;1;0;1;0;0;1;0;1;1;0;1;0;1;0;1;0;1;0;1;0;1;0;1;0;1;0;1;0;1;0;1;0;1;0;0;1;1;0;0;1
0;1;0;0;1;0;0;1;0;1;0;1;0;1;0;1;0;0;1;1;0;1;0;1;0;1;0;0;1;1;0;1;0;0;1;0;1;1;0;1;0;1;0;1;0;1;0;1;0;1;0;1;0;1;0;1;0;1;0;1;0;1;0;0;1;1;0;0;1
0;1;0;0;1;0;0;1;0;1;0;1;0;1;0;1;0;0;1;1;0;1;0;1;0;1;0;0;1;1;0;1;0;0;1;0;1;1;0;1;0;1;0;1;0;1;0;1;0;1;0;1;0;1;0;1;0;1;0;1;0;1;0;0;1;1;0;0;1
0;1;0;0;1;0;0;1;0;1;0;1;0;1;0;1;0;0;1;1;0;1;0;1;0;1;0;0;1;1;0;1;0;0;1;0;1;1;0;1;0;1;0;1;0;1;0;1;0;1;0;1;0;1;0;1;0;1;0;1;0;1;0;0;1;1;0;0;1
0;1;0;0;1;0;0;1;0;1;0;1;0;1;0;1;0;0;1;1;0;1;0;1;0;1;0;0;1;1;0;1;0;0;1;0;1;1;0;1;0;1;0;1;0;1;0;1;0;1;0;1;0;1;0;1;0;1;0;1;0;1;0;0;1;1;0;0;1
0;1;0;0;1;0;0;1;0;1;0;1;0;1;0;1;0;0;1;1;0;1;0;1;0;1;0;0;1;1;0;1;0;0;1;0;1;1;0;1;0;1;0;1;0;1;0;1;0;1;0;1;0;1;0;1;0;1;0;1;0;1;0;0;1;1;0;0;1
0;1;0;0;1;0;0;1;0;1;0;1;0;1;0;1;0;0;1;1;0;1;0;1;0;1;0;0;1;1;0;1;0;0;1;0;1;1;0;1;0;1;0;1;0;1;0;1;0;1;0;1;0;1;0;1;0;1;0;0;1;0;1;1;0;1;0;0;1
0;1;0;0;1;0;0;1;0;1;0;1;0;1;0;1;0;0;1;1;0;1;0;1;0;1;0;0;1;1;0;1;0;0;1;0;1;1;0;1;0;1;0;1;0;1;0;1;0;1;0;1;0;1;0;1;0;1;0;0;1;1;0;0;1;1;0;0;1
0;1;0;0;1;0;0;1;0;1;0;1;0;1;0;1;0;0;1;1;0;1;0;1;0;1;0;0;1;1;0;1;0;0;1;0;1;1;0;1;0;1;0;1;0;1;0;1;0;1;0;1;0;1;0;1;0;1;0;1;0;1;0;0;1;1;0;0;1
0;1;0;0;0;1;0;1;0;1;0;1;0;1;0;1;0;0;1;1;0;0;1;1;0;1;0;0;1;1;0;1;0;1;0;1;0;1;0;1;0;0;1;1;0;1;0;1;0;1;0;1;0;1;0;1;0;1;0;0;1;0;1;1;0;1;0;0;1
0;1;0;0;0;1;0;1;0;1;0;1;0;1;0;1;0;0;1;1;0;0;1;1;0;1;0;0;1;1;0;1;0;1;0;1;0;1;0;1;0;0;1;1;0;1;0;1;0;1;0;1;0;1;0;1;0;1;0;0;1;0;1;0;1;0;1;0;1
0;1;0;0;0;1;0;1;0;1;0;1;0;1;0;1;0;0;1;1;0;0;1;1;0;1;0;0;1;1;0;1;0;1;0;1;0;1;0;1;0;0;1;1;0;1;0;1;0;1;0;1;0;1;0;1;0;1;0;0;1;0;1;1;0;0;1;0;1
0;1;0;0;0;1;0;1;0;1;0;1;0;1;0;1;0;0;1;1;0;0;1;1;0;1;0;0;1;1;0;1;0;1;0;1;0;1;0;1;0;0;1;1;0;1;0;1;0;1;0;1;0;1;0;1;0;1;0;0;1;0;1;1;0;1;0;0;1
0;1;0;0;0;1;0;1;0;1;0;1;0;1;0;1;0;0;1;1;0;0;1;1;0;1;0;0;1;1;0;1;0;1;0;1;0;1;0;1;0;0;1;1;0;1;0;1;0;1;0;1;0;1;0;1;0;1;0;0;1;0;1;1;0;0;1;0;1
0;1;0;0;0;1;0;1;0;1;0;1;0;1;0;1;0;0;1;1;0;0;1;1;0;1;0;0;1;1;0;1;0;1;0;1;0;1;0;1;0;0;1;1;0;1;0;1;0;1;0;1;0;1;0;1;0;1;0;0;1;1;0;0;1;0;1;0;1
0;1;0;0;0;1;0;1;0;1;0;1;0;1;0;1;0;0;1;1;0;0;1;1;0;1;0;0;1;1;0;1;0;1;0;1;0;1;0;1;0;0;1;1;0;1;0;1;0;1;0;1;0;1;0;1;0;1;0;0;1;0;1;1;0;1;0;0;1
0;1;0;0;0;1;0;1;0;1;0;1;0;1;0;1;0;0;1;1;0;0;1;1;0;1;0;0;1;1;0;1;0;1;0;1;0;1;0;1;0;0;1;1;0;1;0;1;0;1;0;1;0;1;0;1;0;1;0;1;0;1;0;1;0;1;0;0;1
0;1;0;0;0;1;0;1;0;1;0;1;0;1;0;1;0;0;1;1;0;0;1;1;0;1;0;0;1;1;0;1;0;1;0;1;0;1;0;1;0;0;1;1;0;1;0;1;0;1;0;1;0;1;0;1;0;1;0;0;1;0;1;1;0;1;0;0;1
0;1;0;0;0;1;0;1;0;1;0;1;0;1;0;1;0;0;1;1;0;0;1;1;0;1;0;0;1;1;0;1;0;1;0;1;0;1;0;1;0;0;1;1;0;1;0;1;0;1;0;1;0;1;0;1;0;1;0;0;1;0;1;1;0;1;0;0;1
0;1;0;0;0;1;0;1;0;1;0;1;0;1;0;1;0;0;1;1;0;0;1;1;0;1;0;0;1;1;0;1;0;1;0;1;0;1;0;1;0;0;1;1;0;1;0;1;0;1;0;1;0;1;0;1;0;1;0;0;1;0;1;1;0;1;0;0;1
0;1;0;0;0;1;0;1;0;1;0;1;0;1;0;1;0;0;1;1;0;0;1;1;0;1;0;0;1;1;0;1;0;1;0;1;0;1;0;1;0;0;1;1;0;1;0;1;0;1;0;1;0;1;0;1;0;1;0;0;1;1;0;0;1;1;0;0;1
0;1;0;0;1;0;0;1;0;1;0;1;0;1;0;0;1;1;0;0;1;0;1;1;0;1;0;0;1;1;0;1;0;1;0;1;0;1;0;1;0;1;0;1;0;1;0;1;0;1;0;1;0;1;0;1;0;0;1;1;0;1;0;0;1;0;1;1;0
0;1;0;0;1;0;0;1;0;1;0;1;0;1;0;0;1;1;0;0;1;0;1;1;0;1;0;0;1;1;0;1;0;1;0;1;0;1;0;1;0;1;0;1;0;1;0;1;0;1;0;1;0;1;0;1;0;0;1;1;0;1;0;0;1;1;0;0;1
0;1;0;0;1;0;0;1;0;1;0;1;0;1;0;0;1;1;0;0;1;0;1;1;0;1;0;0;1;1;0;1;0;1;0;1;0;1;0;1;0;1;0;1;0;1;0;1;0;1;0;1;0;1;0;1;0;0;1;0;1;1;0;0;1;1;0;0;1
0;1;0;0;1;0;0;1;0;1;0;1;0;1;0;0;1;1;0;0;1;0;1;1;0;1;0;0;1;1;0;1;0;1;0;1;0;1;0;1;0;1;0;1;0;1;0;1;0;1;0;1;0;1;0;1;0;0;1;1;0;1;0;0;1;1;0;0;1
0;1;0;0;1;0;0;1;0;1;0;1;0;1;0;0;1;1;0;0;1;0;1;1;0;1;0;0;1;1;0;1;0;1;0;1;0;1;0;1;0;1;0;1;0;1;0;1;0;1;0;1;0;1;0;1;0;0;1;0;1;1;0;0;1;0;1;0;1
0;1;0;0;1;0;0;1;0;1;0;1;0;1;0;0;1;1;0;0;1;0;1;1;0;1;0;0;1;1;0;1;0;1;0;1;0;1;0;1;0;1;0;1;0;1;0;1;0;1;0;1;0;1;0;1;0;0;1;1;0;1;0;0;1;1;0;0;1
0;1;0;0;1;0;0;1;0;1;0;1;0;1;0;0;1;1;0;0;1;0;1;1;0;1;0;0;1;1;0;1;0;1;0;1;0;1;0;1;0;1;0;1;0;1;0;1;0;1;0;1;0;1;0;1;0;0;1;1;0;1;0;0;1;1;0;1;0
0;1;0;0;1;0;0;1;0;1;0;1;0;1;0;0;1;1;0;0;1;0;1;1;0;1;0;0;1;1;0;1;0;1;0;1;0;1;0;1;0;1;0;1;0;1;0;1;0;1;0;1;0;1;0;1;0;0;1;0;1;1;0;0;1;1;0;0;1
0;1;0;0;1;0;0;1;0;1;0;1;0;1;0;0;1;1;0;0;1;0;1;1;0;1;0;0;1;1;0;1;0;1;0;1;0;1;0;1;0;1;0;1;0;1;0;1;0;1;0;1;0;1;0;1;0;0;1;0;1;1;0;0;1;1;0;0;1
0;1;0;0;1;0;0;1;0;1;0;1;0;1;0;0;1;1;0;0;1;0;1;1;0;1;0;0;1;1;0;1;0;1;0;1;0;1;0;1;0;1;0;1;0;1;0;1;0;1;0;1;0;1;0;1;0;0;1;1;0;1;0;0;1;1;0;0;1
0;1;0;0;1;0;0;1;0;1;0;1;0;1;0;0;1;1;0;0;1;0;1;1;0;1;0;0;1;1;0;1;0;1;0;1;0;1;0;1;0;1;0;1;0;1;0;1;0;1;0;1;0;1;0;1;0;0;1;0;1;1;0;0;1;0;1;0;1
0;1;0;0;1;0;0;1;0;1;0;1;0;1;0;0;1;1;0;0;1;0;1;1;0;1;0;0;1;1;0;1;0;1;0;1;0;1;0;1;0;1;0;1;0;1;0;1;0;1;0;1;0;1;0;1;0;0;1;1;0;1;0;0;1;0;1;1;0
0;1;0;0;0;1;0;1;0;1;0;1;0;1;0;0;1;0;1;1;0;0;1;1;0;1;0;0;1;1;0;1;0;1;0;1;0;0;1;1;0;1;0;1;0;1;0;1;0;1;0;0;1;1;0;1;0;0;1;0;1;0;1;1;0;0;1;1;0
0;1;0;0;0;1;0;1;0;1;0;1;0;1;0;0;1;0;1;1;0;0;1;1;0;1;0;0;1;1;0;1;0;1;0;1;0;0;1;1;0;1;0;1;0;1;0;1;0;1;0;0;1;1;0;1;0;0;1;0;1;0;1;1;0;0;1;1;0
0;1;0;0;0;1;0;1;0;1;0;1;0;1;0;0;1;0;1;1;0;0;1;1;0;1;0;0;1;1;0;1;0;1;0;1;0;0;1;1;0;1;0;1;0;1;0;1;0;1;0;0;1;1;0;1;0;0;1;0;1;0;1;1;0;0;1;1;0
0;1;0;0;0;1;0;1;0;1;0;1;0;1;0;0;1;0;1;1;0;0;1;1;0;1;0;0;1;1;0;1;0;1;0;1;0;0;1;1;0;1;0;1;0;1;0;1;0;1;0;0;1;1;0;1;0;0;1;0;1;0;1;1;0;0;1;1;0
0;1;0;0;0;1;0;1;0;1;0;1;0;1;0;0;1;0;1;1;0;0;1;1;0;1;0;0;1;1;0;1;0;1;0;1;0;0;1;1;0;1;0;1;0;1;0;1;0;1;0;0;1;1;0;1;0;0;1;1;0;1;0;0;1;0;1;0;1
0;1;0;0;0;1;0;1;0;1;0;1;0;1;0;0;1;0;1;1;0;0;1;1;0;1;0;0;1;1;0;1;0;1;0;1;0;0;1;1;0;1;0;1;0;1;0;1;0;1;0;0;1;1;0;1;0;0;1;0;1;0;1;0;1;0;1;1;0
0;1;0;0;0;1;0;1;0;1;0;1;0;1;0;0;1;0;1;1;0;0;1;1;0;1;0;0;1;1;0;1;0;1;0;1;0;0;1;1;0;1;0;1;0;1;0;1;0;1;0;0;1;1;0;1;0;0;1;0;1;0;1;1;0;0;1;1;0
0;1;0;0;0;1;0;1;0;1;0;1;0;1;0;0;1;0;1;1;0;0;1;1;0;1;0;0;1;1;0;1;0;1;0;1;0;0;1;1;0;1;0;1;0;1;0;1;0;1;0;0;1;1;0;1;0;0;1;0;1;0;1;1;0;0;1;1;0
0;1;0;0;0;1;0;1;0;1;0;1;0;1;0;0;1;0;1;1;0;0;1;1;0;1;0;0;1;1;0;1;0;1;0;1;0;0;1;1;0;1;0;1;0;1;0;1;0;1;0;0;1;1;0;1;0;0;1;0;1;0;1;1;0;0;1;0;1
0;1;0;0;0;1;0;1;0;1;0;1;0;1;0;0;1;0;1;1;0;0;1;1;0;1;0;0;1;1;0;1;0;1;0;1;0;0;1;1;0;1;0;1;0;1;0;1;0;1;0;0;1;1;0;1;0;0;1;0;1;0;1;1;0;0;1;0;1
0;1;0;0;0;1;0;1;0;1;0;1;0;1;0;0;1;0;1;1;0;0;1;1;0;1;0;0;1;1;0;1;0;1;0;1;0;0;1;1;0;1;0;1;0;1;0;1;0;1;0;0;1;1;0;1;0;0;1;0;1;0;1;1;0;0;1;0;1
0;1;0;0;0;1;0;1;0;1;0;1;0;1;0;0;1;0;1;1;0;0;1;1;0;1;0;0;1;1;0;1;0;1;0;1;0;0;1;1;0;1;0;1;0;1;0;1;0;1;0;0;1;1;0;1;0;0;1;1;0;1;0;1;0;0;1;1;0
0;0;1;0;1;0;0;1;0;1;0;0;1;0;1;1;0;0;1;1;0;1;0;1;0;1;0;0;1;1;0;1;0;1;0;1;0;1;0;0;1;1;0;0;1;0;1;1;0;1;0;0;1;1;0;1;0;1;0;1;0;1;0;1;0;1;0;1;0
0;0;1;0;1;0;0;1;0;1;0;0;1;0;1;1;0;0;1;1;0;1;0;1;0;1;0;0;1;1;0;1;0;1;0;1;0;1;0;0;1;1;0;0;1;0;1;1;0;1;0;0;1;1;0;1;0;1;0;1;0;1;0;0;1;0;1;1;0
0;0;1;0;0;1;0;1;0;1;0;0;1;0;1;1;0;0;1;1;0;1;0;1;0;1;0;0;1;1;0;1;0;1;0;1;0;0;1;1;0;1;0;0;1;0;1;1;0;0;1;0;1;1;0;0;1;1;0;1;0;1;0;1;0;0;1;1;0
0;0;1;0;0;1;0;1;0;1;0;0;1;0;1;1;0;0;1;1;0;1;0;1;0;1;0;0;1;1;0;1;0;1;0;1;0;0;1;1;0;1;0;0;1;0;1;1;0;0;1;0;1;1;0;0;1;1;0;1;0;1;0;1;0;0;1;1;0
0;1;0;0;1;0;0;0;1;0;1;1;0;0;1;1;0;1;0;1;0;1;0;1;0;1;0;1;0;1;0;1;0;1;0;1;0;1;0;1;0;1;0;1;0;1;0;1;0;0;1;0;1;0;1;0;1;1;0;1;0;1;0;0;1;0;1;0;1
0;1;0;0;1;0;0;0;1;0;1;1;0;0;1;1;0;1;0;1;0;1;0;1;0;1;0;1;0;1;0;1;0;1;0;1;0;1;0;1;0;1;0;1;0;1;0;1;0;0;1;0;1;0;1;0;1;1;0;1;0;1;0;0;1;0;1;0;1
0;1;0;0;0;1;0;0;1;0;1;1;0;0;1;1;0;1;0;1;0;1;0;1;0;1;0;1;0;1;0;1;0;1;0;1;0;1;0;1;0;0;1;1;0;1;0;1;0;0;1;0;1;0;1;0;1;1;0;1;0;0;0;0;0;0;0;0;0
0;1;0;0;0;1;0;0;1;0;1;1;0;0;1;1;0;1;0;1;0;1;0;1;0;1;0;1;0;1;0;1;0;1;0;1;0;1;0;1;0;0;1;1;0;1;0;1;0;0;1;0;1;0;1;0;1;1;0;1;0;1;0;1;0;0;1;0;1
0;1;0;0;1;0;0;1;0;1;0;1;0;1;0;1;0;1;0;1;0;1;0;1;0;1;0;0;1;1;0;1;0;1;0;1;0;1;0;1;0;1;0;1;0;1;0;1;0;0;1;0;1;1;0;1;0;1;0;0;1;1;0;0;1;1;0;1;0
0;1;0;0;1;0;0;1;0;1;0;1;0;1;0;1;0;1;0;1;0;1;0;1;0;1;0;0;1;1;0;1;0;1;0;1;0;1;0;1;0;1;0;1;0;1;0;1;0;0;1;0;1;1;0;1;0;1;0;0;1;1;0;0;1;1;0;1;0
0;1;0;0;0;1;0;1;0;0;1;1;0;1;0;1;0;1;0;1;0;1;0;1;0;1;0;0;1;1;0;1;0;1;0;1;0;1;0;1;0;1;0;1;0;1;0;1;0;0;1;0;1;1;0;1;0;1;0;0;1;0;1;1;0;1;0;1;0
0;1;0;0;0;1;0;1;0;0;1;1;0;1;0;1;0;1;0;1;0;1;0;1;0;1;0;0;1;1;0;1;0;1;0;1;0;1;0;1;0;1;0;1;0;1;0;1;0;0;1;0;1;1;0;1;0;1;0;0;1;0;1;0;1;1;0;1;0
0;1;0;0;1;0;0;1;0;1;0;1;0;1;0;1;0;1;0;0;1;0;1;0;1;0;1;1;0;1;0;1;0;1;0;1;0;1;0;1;0;1;0;1;0;1;0;1;0;1;0;1;0;1;0;1;0;1;0;1;0;1;0;0;1;0;1;1;0
0;1;0;0;1;0;0;1;0;1;0;1;0;1;0;1;0;1;0;0;1;0;1;0;1;0;1;1;0;1;0;1;0;1;0;1;0;1;0;1;0;1;0;1;0;1;0;1;0;1;0;1;0;1;0;1;0;1;0;1;0;1;0;0;1;1;0;0;1
0;1;0;0;1;0;0;1;0;1;0;1;0;1;0;1;0;1;0;0;1;0;1;0;1;0;1;1;0;1;0;1;0;1;0;1;0;1;0;1;0;1;0;1;0;1;0;1;0;1;0;1;0;1;0;1;0;1;0;0;1;1;0;0;1;0;1;1;0
0;1;0;0;1;0;0;1;0;1;0;1;0;1;0;1;0;1;0;0;1;0;1;0;1;0;1;1;0;1;0;1;0;1;0;1;0;1;0;1;0;1;0;1;0;1;0;1;0;1;0;1;0;1;0;1;0;1;0;0;1;1;0;0;1;0;1;1;0
0;1;0;0;1;0;0;1;0;1;0;1;0;1;0;1;0;1;0;0;1;0;1;0;1;0;1;1;0;1;0;1;0;1;0;1;0;1;0;1;0;1;0;1;0;1;0;1;0;1;0;1;0;1;0;1;0;1;0;1;0;1;0;0;1;0;1;1;0
0;1;0;0;1;0;0;1;0;1;0;1;0;1;0;1;0;1;0;0;1;0;1;0;1;0;1;1;0;1;0;1;0;1;0;1;0;1;0;1;0;1;0;1;0;1;0;1;0;1;0;1;0;1;0;1;0;1;0;1;0;1;0;0;1;0;1;1;0
0;1;0;0;0;1;0;1;0;1;0;1;0;1;0;1;0;1;0;0;1;0;1;0;1;0;1;1;0;1;0;1;0;1;0;1;0;0;1;1;0;1;0;1;0;1;0;1;0;1;0;1;0;1;0;1;0;1;0;1;0;1;0;1;0;0;1;1;0
0;1;0;0;0;1;0;1;0;1;0;1;0;1;0;1;0;1;0;0;1;0;1;0;1;0;1;1;0;1;0;1;0;1;0;1;0;0;1;1;0;1;0;1;0;1;0;1;0;1;0;1;0;1;0;1;0;1;0;0;1;0;1;0;1;0;1;1;0
0;1;0;0;0;1;0;1;0;1;0;1;0;1;0;1;0;1;0;0;1;0;1;0;1;0;1;1;0;1;0;1;0;1;0;1;0;0;1;1;0;1;0;1;0;1;0;1;0;1;0;1;0;1;0;1;0;1;0;1;0;1;0;0;1;0;1;1;0
0;0;0;1;1;0;0;0;1;0;1;0;1;0;1;0;1;1;0;0;1;0;1;0;1;0;1;1;0;0;1;0;1;0;1;0;1;1;0;0;1;1;0;0;1;0;1;1;0;0;1;1;0;0;1;0;1;0;1;1;0;1;0;1;0;0;1;1;0
0;0;0;1;1;0;0;0;1;0;1;0;1;0;1;0;1;1;0;0;1;0;1;0;1;0;1;1;0;0;1;0;1;0;1;0;1;1;0;0;1;1;0;0;1;0;1;1;0;0;1;1;0;0;1;0;1;0;1;0;1;0;1;1;0;0;1;1;0
0;0;0;1;0;1;0;0;1;0;1;0;1;0;1;0;1;1;0;0;1;0;1;0;1;0;1;1;0;0;1;0;1;1;0;1;0;1;0;0;1;0;1;0;1;0;1;1;0;0;1;1;0;0;1;0;1;0;1;1;0;1;0;1;0;0;1;1;0
0;0;0;1;0;1;0;0;1;0;1;0;1;0;1;0;1;1;0;0;1;0;1;0;1;0;1;1;0;0;1;0;1;1;0;1;0;1;0;0;1;0;1;0;1;0;1;1;0;0;1;1;0;0;1;0;1;0;1;1;0;1;0;1;0;0;1;0;1
0;1;0;0;1;0;0;1;0;1;0;0;1;0;1;0;1;1;0;1;0;1;0;1;0;1;0;1;0;1;0;1;0;1;0;1;0;1;0;0;1;0;1;0;1;0;1;0;1;0;1;0;1;0;1;0;1;0;1;0;1;0;1;0;1;0;1;0;1
0;1;0;0;1;0;0;1;0;1;0;0;1;0;1;0;1;1;0;1;0;1;0;1;0;1;0;1;0;1;0;1;0;1;0;1;0;1;0;0;1;0;1;0;1;0;1;0;1;0;1;0;1;0;1;0;1;0;1;0;1;0;1;0;1;0;1;1;0
0;1;0;0;0;1;0;0;1;0;1;0;1;0;1;0;1;1;0;1;0;1;0;1;0;1;0;1;0;1;0;1;0;1;0;1;0;1;0;1;0;1;0;0;1;1;0;0;1;0;1;0;1;0;1;0;1;0;1;0;1;0;1;0;1;0;1;1;0
0;1;0;0;0;1;0;0;1;0;1;0;1;0;1;0;1;1;0;1;0;1;0;1;0;1;0;1;0;1;0;1;0;1;0;1;0;1;0;1;0;1;0;0;1;1;0;0;1;0;1;0;1;0;1;0;1;0;1;0;1;0;1;0;1;0;1;1;0
0;0;1;0;1;0;0;0;1;0;1;0;1;0;1;0;1;1;0;0;1;0;1;0;1;0;1;1;0;0;1;0;1;0;1;0;1;1;0;0;1;0;1;0;1;1;0;0;1;1;0;1;0;0;1;0;1;0;1;1;0;0;0;0;0;1;0;0;1
0;0;1;0;1;0;0;0;1;0;1;0;1;0;1;0;1;1;0;0;1;0;1;0;1;0;1;1;0;0;1;0;1;0;1;0;1;1;0;0;1;0;1;0;1;1;0;0;1;1;0;1;0;0;1;0;1;0;1;1;0;0;0;0;0;0;1;1;0
0;0;1;0;0;1;0;0;1;0;1;0;1;0;1;0;1;1;0;0;1;0;1;0;1;0;1;1;0;0;1;0;1;0;1;0;1;1;0;0;1;0;1;0;1;1;0;0;1;0;1;1;0;0;1;0;1;0;1;1;0;0;0;0;0;0;1;1;0
0;0;1;0;0;1;0;0;1;0;1;0;1;0;1;0;1;1;0;0;1;0;1;0;1;0;1;1;0;0;1;0;1;0;1;0;1;1;0;0;1;0;1;0;1;1;0;0;1;0;1;1;0;0;1;0;1;0;1;1;0;0;0;0;0;0;1;1;0
0;1;0;0;1;0;0;0;1;1;0;0;1;0;1;0;1;1;0;1;0;1;0;1;0;1;0;1;0;1;0;1;0;1;0;1;0;1;0;0;1;1;0;0;1;0;1;0;1;0;1;0;1;0;1;0;1;0;1;0;1;0;0;0;0;1;0;1;0
0;1;0;0;1;0;0;0;1;1;0;0;1;0;1;0;1;1;0;1;0;1;0;1;0;1;0;1;0;1;0;1;0;1;0;1;0;1;0;0;1;1;0;0;1;0;1;0;1;0;1;0;1;0;1;0;1;0;1;0;1;0;1;0;1;1;0;1;0
0;1;0;0;0;1;0;0;1;1;0;0;1;0;1;0;1;1;0;1;0;1;0;1;0;1;0;1;0;1;0;1;0;1;0;1;0;1;0;0;1;1;0;0;1;0;1;0;1;0;1;0;1;0;1;0;1;0;1;0;1;0;0;0;0;1;0;1;0
0;1;0;0;0;1;0;0;1;1;0;0;1;0;1;0;1;1;0;1;0;1;0;1;0;1;0;1;0;1;0;1;0;1;0;1;0;1;0;0;1;1;0;0;1;0;1;0;1;0;1;0;1;0;1;0;1;0;1;0;1;0;1;1;0;1;0;1;0
0;0;1;0;1;0;0;0;1;0;1;0;1;0;1;0;1;1;0;1;0;0;1;1;0;1;0;1;0;1;0;1;0;0;1;0;1;1;0;0;1;0;1;0;1;0;1;0;1;0;1;1;0;0;1;0;1;0;1;0;1;0;1;0;1;0;1;1;0
0;0;1;0;1;0;0;0;1;0;1;0;1;0;1;0;1;1;0;1;0;0;1;1;0;1;0;1;0;1;0;1;0;0;1;0;1;1;0;0;1;0;1;0;1;0;1;0;1;0;1;1;0;0;1;0;1;0;1;0;1;0;1;0;1;0;1;1;0
0;0;1;0;0;1;0;0;1;0;1;0;1;0;1;0;1;1;0;1;0;0;1;1;0;1;0;1;0;1;0;1;0;0;1;0;1;1;0;0;1;0;1;0;1;0;1;0;1;0;1;1;0;0;1;0;1;0;1;0;1;0;1;1;0;0;1;0;1
0;0;1;0;0;1;0;0;1;0;1;0;1;0;1;0;1;1;0;1;0;0;1;1;0;1;0;1;0;1;0;1;0;0;1;0;1;1;0;0;1;0;1;0;1;0;1;0;1;0;1;1;0;0;1;0;1;0;1;0;1;0;1;1;0;0;1;0;1
0;1;0;0;1;0;0;1;0;1;0;1;0;1;0;1;0;0;1;1;0;1;0;1;0;1;0;0;1;0;1;0;1;1;0;1;0;1;0;1;0;1;0;1;0;1;0;1;0;1;0;0;1;1;0;1;0;1;0;0;1;1;0;0;1;1;0;0;1
0;1;0;0;1;0;0;1;0;1;0;1;0;1;0;1;0;0;1;1;0;1;0;1;0;1;0;0;1;0;1;0;1;1;0;1;0;1;0;1;0;1;0;1;0;1;0;1;0;1;0;0;1;1;0;1;0;1;0;0;1;1;0;0;1;1;0;0;1
0;1;0;0;1;0;0;1;0;1;0;1;0;1;0;1;0;0;1;1;0;1;0;1;0;1;0;0;1;0;1;0;1;1;0;1;0;1;0;1;0;1;0;1;0;1;0;1;0;1;0;0;1;1;0;1;0;1;0;1;0;1;0;0;1;1;0;0;1
0;1;0;0;1;0;0;1;0;1;0;1;0;1;0;1;0;0;1;1;0;1;0;1;0;1;0;0;1;0;1;0;1;1;0;1;0;1;0;1;0;1;0;1;0;1;0;1;0;1;0;0;1;1;0;1;0;1;0;0;1;0;1;0;1;0;1;0;1
0;1;0;0;1;0;0;1;0;1;0;1;0;1;0;1;0;0;1;1;0;1;0;1;0;1;0;0;1;0;1;0;1;1;0;1;0;1;0;1;0;1;0;1;0;1;0;1;0;1;0;0;1;1;0;1;0;1;0;0;1;1;0;0;1;1;0;0;1
0;1;0;0;1;0;0;1;0;1;0;1;0;1;0;1;0;0;1;1;0;1;0;1;0;1;0;0;1;0;1;0;1;1;0;1;0;1;0;1;0;1;0;1;0;1;0;1;0;1;0;0;1;1;0;1;0;1;0;0;1;1;0;0;1;0;1;1;0
0;1;0;0;1;0;0;1;0;1;0;1;0;1;0;1;0;0;1;1;0;1;0;1;0;1;0;0;1;0;1;0;1;1;0;1;0;1;0;1;0;1;0;1;0;1;0;1;0;1;0;0;1;1;0;1;0;1;0;0;1;1;0;0;1;1;0;0;1
0;1;0;0;1;0;0;1;0;1;0;1;0;1;0;1;0;0;1;1;0;1;0;1;0;1;0;0;1;0;1;0;1;1;0;1;0;1;0;1;0;1;0;1;0;1;0;1;0;1;0;0;1;1;0;1;0;1;0;1;0;1;0;0;1;1;0;0;1
0;1;0;0;0;1;0;1;0;1;0;1;0;1;0;1;0;0;1;1;0;1;0;1;0;1;0;0;1;1;0;1;0;1;0;1;0;0;1;1;0;0;1;1;0;1;0;1;0;1;0;0;1;1;0;1;0;1;0;1;0;1;0;1;0;0;1;1;0
0;1;0;0;0;1;0;1;0;1;0;1;0;1;0;1;0;0;1;1;0;1;0;1;0;1;0;0;1;1;0;1;0;1;0;1;0;0;1;1;0;0;1;1;0;1;0;1;0;1;0;0;1;1;0;1;0;1;0;1;0;1;0;1;0;0;1;0;1
0;1;0;0;0;1;0;1;0;1;0;1;0;1;0;1;0;0;1;1;0;1;0;1;0;1;0;0;1;1;0;1;0;1;0;1;0;0;1;1;0;0;1;1;0;1;0;1;0;1;0;0;1;1;0;1;0;1;0;1;0;0;1;1;0;0;1;1;0
0;1;0;0;0;1;0;1;0;1;0;1;0;1;0;1;0;0;1;1;0;1;0;1;0;1;0;0;1;1;0;1;0;1;0;1;0;0;1;1;0;0;1;1;0;1;0;1;0;1;0;0;1;1;0;1;0;1;0;0;1;0;1;1;0;0;1;0;1
0;1;0;0;0;1;0;1;0;1;0;1;0;1;0;1;0;0;1;1;0;1;0;1;0;1;0;0;1;1;0;1;0;1;0;1;0;0;1;1;0;0;1;1;0;1;0;1;0;1;0;0;1;1;0;1;0;1;0;0;1;0;1;1;0;0;1;1;0
0;1;0;0;0;1;0;1;0;1;0;1;0;1;0;1;0;0;1;1;0;1;0;1;0;1;0;0;1;1;0;1;0;1;0;1;0;0;1;1;0;0;1;1;0;1;0;1;0;1;0;0;1;1;0;1;0;1;0;0;1;0;1;1;0;0;1;1;0
0;1;0;0;0;1;0;1;0;1;0;1;0;1;0;1;0;0;1;1;0;1;0;1;0;1;0;0;1;1;0;1;0;1;0;1;0;0;1;1;0;0;1;1;0;1;0;1;0;1;0;0;1;1;0;1;0;1;0;0;1;0;1;1;0;0;1;1;0
0;1;0;0;0;1;0;1;0;1;0;1;0;1;0;1;0;0;1;1;0;1;0;1;0;1;0;0;1;1;0;1;0;1;0;1;0;0;1;1;0;0;1;1;0;1;0;1;0;1;0;0;1;1;0;1;0;1;0;1;0;1;0;0;1;0;1;0;1
0;1;0;0;0;1;0;1;0;1;0;1;0;1;0;1;0;0;1;1;0;1;0;1;0;1;0;0;1;1;0;1;0;1;0;1;0;0;1;1;0;0;1;1;0;1;0;1;0;1;0;0;1;1;0;1;0;1;0;1;0;0;1;1;0;0;1;1;0
0;1;0;0;0;1;0;1;0;1;0;1;0;1;0;1;0;0;1;1;0;1;0;1;0;1;0;0;1;1;0;1;0;1;0;1;0;0;1;1;0;0;1;1;0;1;0;1;0;1;0;0;1;1;0;1;0;1;0;1;0;1;0;1;0;0;1;1;0
0;0;1;0;0;0;1;0;1;1;0;0;1;0;1;0;1;0;1;1;0;0;1;1;0;1;0;1;0;0;1;0;1;1;0;1;0;0;1;0;1;1;0;0;1;0;1;1;0;0;1;1;0;0;1;0;1;0;1;0;1;0;0;0;0;0;1;1;0
0;0;1;0;0;0;1;0;1;1;0;0;1;0;1;0;1;0;1;1;0;0;1;1;0;1;0;1;0;0;1;0;1;1;0;1;0;0;1;0;1;1;0;0;1;0;1;1;0;0;1;1;0;0;1;0;1;0;1;0;1;0;0;0;0;0;1;1;0
0;0;1;0;0;0;1;0;1;1;0;0;1;0;1;0;1;0;1;1;0;0;1;1;0;1;0;1;0;0;1;0;1;1;0;1;0;0;1;0;1;1;0;0;1;0;1;1;0;0;1;1;0;0;1;0;1;0;1;0;1;0;0;0;0;0;1;1;0
0;0;1;0;0;0;1;0;1;1;0;0;1;0;1;0;1;0;1;1;0;0;1;1;0;1;0;1;0;0;1;0;1;1;0;1;0;0;1;0;1;1;0;0;1;0;1;1;0;0;1;1;0;0;1;0;1;0;1;0;1;0;0;0;0;0;1;1;0
0;0;1;0;0;0;1;0;1;1;0;0;1;0;1;0;1;0;1;1;0;0;1;1;0;1;0;1;0;0;1;0;1;1;0;1;0;0;1;0;1;1;0;0;1;0;1;1;0;0;1;1;0;0;1;0;1;0;1;0;1;0;0;0;0;0;1;1;0
0;0;1;0;0;0;1;0;1;1;0;0;1;0;1;0;1;0;1;1;0;1;0;1;0;1;0;0;1;1;0;1;0;0;1;0;1;0;1;0;1;0;1;0;1;0;1;1;0;0;1;0;1;0;1;0;1;0;1;0;1;0;0;0;1;1;0;0;1
0;0;1;0;0;0;1;0;1;1;0;0;1;0;1;0;1;0;1;1;0;1;0;1;0;1;0;0;1;1;0;1;0;0;1;0;1;0;1;0;1;0;1;0;1;0;1;1;0;0;1;0;1;0;1;0;1;0;1;0;1;0;0;0;1;1;0;0;1
0;0;1;0;0;0;1;0;1;1;0;0;1;0;1;0;1;0;1;1;0;1;0;1;0;1;0;0;1;1;0;1;0;0;1;0;1;1;0;0;1;1;0;0;1;0;1;1;0;0;1;1;0;0;1;0;1;0;1;1;0;0;0;0;1;0;1;1;0
0;0;1;0;0;0;1;0;1;1;0;0;1;0;1;0;1;0;1;1;0;1;0;1;0;1;0;0;1;1;0;1;0;0;1;0;1;1;0;0;1;1;0;0;1;0;1;1;0;0;1;1;0;0;1;0;1;0;1;1;0;0;0;1;0;0;1;1;0
1;0;0;0;0;0;1;0;1;1;0;0;1;0;1;0;1;0;1;1;0;1;0;1;0;1;0;0;1;0;1;0;1;0;1;0;1;0;1;0;1;1;0;0;1;0;1;1;0;0;1;1;0;0;1;0;1;0;1;0;1;0;0;0;0;0;1;0;1
1;0;0;0;0;0;1;0;1;1;0;0;1;0;1;0;1;0;1;1;0;1;0;1;0;1;0;0;1;0;1;0;1;0;1;0;1;0;1;0;1;1;0;0;1;0;1;1;0;0;1;1;0;0;1;0;1;0;1;0;1;0;0;0;0;0;1;1;0
0;1;0;0;0;0;1;0;1;0;1;0;1;0;1;0;1;0;1;1;0;1;0;1;0;1;0;0;1;0;1;0;1;0;1;0;1;1;0;0;1;1;0;0;1;0;1;1;0;0;1;0;1;0;1;0;1;0;1;1;0;0;0;0;0;1;0;1;0
0;1;0;0;0;0;1;0;1;0;1;0;1;0;1;0;1;0;1;1;0;1;0;1;0;1;0;0;1;0;1;0;1;0;1;0;1;1;0;0;1;1;0;0;1;0;1;1;0;0;1;0;1;0;1;0;1;0;1;1;0;0;0;0;0;1;0;1;0
0;1;0;0;0;0;1;0;1;0;1;0;1;0;1;0;1;0;1;1;0;1;0;1;0;1;0;0;1;0;1;0;1;0;1;0;1;1;0;0;1;1;0;0;1;0;1;1;0;0;1;0;1;0;1;0;1;0;1;1;0;0;0;0;0;1;0;1;0
0;1;0;0;0;0;1;0;1;0;1;0;1;0;1;0;1;0;1;1;0;1;0;1;0;1;0;0;1;0;1;0;1;0;1;0;1;1;0;0;1;1;0;0;1;0;1;1;0;0;1;0;1;0;1;0;1;0;1;1;0;0;0;0;0;1;0;1;0
0;0;1;0;1;0;0;0;1;0;1;0;1;0;1;0;1;1;0;0;1;1;0;0;1;0;1;1;0;0;1;0;1;0;1;0;1;0;1;0;1;0;1;0;1;0;1;1;0;0;1;0;1;0;1;0;1;0;1;0;1;0;0;0;1;1;0;0;1
0;0;1;0;1;0;0;0;1;0;1;0;1;0;1;0;1;1;0;0;1;1;0;0;1;0;1;1;0;0;1;0;1;0;1;0;1;0;1;0;1;0;1;0;1;0;1;1;0;0;1;0;1;0;1;0;1;0;1;0;1;0;0;0;1;1;0;0;1
0;0;1;0;0;1;0;0;1;0;1;0;1;0;1;0;1;1;0;0;1;1;0;0;1;0;1;1;0;0;1;0;1;0;1;0;1;0;1;0;1;0;1;0;1;0;1;1;0;0;1;0;1;0;1;0;1;0;1;1;0;0;0;1;0;0;1;1;0
0;0;1;0;0;1;0;0;1;0;1;0;1;0;1;0;1;1;0;0;1;1;0;0;1;0;1;1;0;0;1;0;1;0;1;0;1;0;1;0;1;0;1;0;1;0;1;1;0;0;1;0;1;0;1;0;1;0;1;1;0;0;0;1;0;1;0;0;1
0;0;1;0;1;0;0;0;1;0;1;0;1;0;1;1;0;1;0;1;0;1;0;0;1;0;1;1;0;0;1;0;1;0;1;0;1;1;0;0;1;0;1;1;0;1;0;1;0;0;1;0;1;0;1;0;1;1;0;1;0;0;0;0;0;1;0;1;0
0;0;1;0;1;0;0;0;1;0;1;0;1;0;1;1;0;1;0;1;0;1;0;0;1;0;1;1;0;0;1;0;1;0;1;0;1;1;0;0;1;0;1;1;0;1;0;1;0;0;1;0;1;0;1;0;1;1;0;1;0;0;0;0;0;1;0;1;0
0;0;1;0;0;1;0;0;1;0;1;0;1;0;1;1;0;1;0;1;0;1;0;0;1;0;1;1;0;0;1;0;1;0;1;0;1;1;0;0;1;0;1;1;0;1;0;1;0;0;1;0;1;0;1;0;1;1;0;1;0;0;0;0;0;1;0;1;0
0;0;1;0;0;1;0;0;1;0;1;0;1;0;1;1;0;1;0;1;0;1;0;0;1;0;1;1;0;0;1;0;1;0;1;0;1;1;0;0;1;0;1;1;0;1;0;1;0;0;1;0;1;0;1;0;1;1;0;1;0;0;0;0;0;1;0;1;0
0;0;1;0;1;0;0;0;1;0;1;0;1;0;1;1;0;1;0;1;0;1;0;0;1;0;1;1;0;0;1;0;1;0;1;0;1;1;0;0;1;0;1;1;0;1;0;1;0;0;1;0;1;0;1;0;1;1;0;0;1;0;0;0;0;1;0;1;0
0;0;1;0;1;0;0;0;1;0;1;0;1;0;1;1;0;1;0;1;0;1;0;0;1;0;1;1;0;0;1;0;1;0;1;0;1;1;0;0;1;0;1;1;0;1;0;1;0;0;1;0;1;0;1;0;1;1;0;0;1;0;0;0;0;1;0;1;0
0;0;1;0;0;1;0;0;1;0;1;0;1;0;1;1;0;1;0;1;0;1;0;0;1;0;1;1;0;0;1;1;0;0;1;0;1;0;1;0;1;0;1;1;0;1;0;1;0;0;1;0;1;0;1;0;1;1;0;0;1;0;0;0;0;1;0;1;0
0;0;1;0;0;1;0;0;1;0;1;0;1;0;1;1;0;1;0;1;0;1;0;0;1;0;1;1;0;0;1;1;0;0;1;0;1;0;1;0;1;0;1;1;0;1;0;1;0;0;1;0;1;0;1;0;1;1;0;0;1;0;0;0;0;1;0;1;0
0;0;1;0;1;0;0;0;1;0;1;0;1;0;1;1;0;1;0;0;1;0;1;0;1;0;1;1;0;0;1;0;1;0;1;0;1;1;0;0;1;0;1;1;0;1;0;1;0;0;1;0;1;0;1;0;1;1;0;1;0;0;0;1;0;1;0;0;1
0;0;1;0;1;0;0;0;1;0;1;0;1;0;1;1;0;1;0;0;1;0;1;0;1;0;1;1;0;0;1;0;1;0;1;0;1;1;0;0;1;0;1;1;0;1;0;1;0;0;1;0;1;0;1;0;1;1;0;1;0;0;0;1;0;1;0;1;0
0;0;1;0;0;1;0;0;1;0;1;0;1;0;1;1;0;1;0;1;0;1;0;0;1;0;1;1;0;0;1;1;0;0;1;0;1;0;1;0;1;0;1;1;0;1;0;1;0;0;1;0;1;0;1;0;1;1;0;1;0;0;0;1;0;1;0;0;1
0;0;1;0;0;1;0;0;1;0;1;0;1;0;1;1;0;1;0;1;0;1;0;0;1;0;1;1;0;0;1;1;0;0;1;0;1;0;1;0;1;0;1;1;0;1;0;1;0;0;1;0;1;0;1;0;1;1;0;1;0;0;0;1;0;1;0;0;1
0;0;1;0;1;0;0;0;1;0;1;0;1;0;1;0;1;1;0;0;1;1;0;0;1;0;1;1;0;0;1;0;1;0;1;0;1;1;0;0;1;0;1;0;1;0;1;1;0;0;1;0;1;0;1;0;1;0;1;1;0;0;0;1;0;1;0;1;0
0;0;1;0;1;0;0;0;1;0;1;0;1;0;1;0;1;1;0;0;1;1;0;0;1;0;1;1;0;0;1;0;1;0;1;0;1;1;0;0;1;0;1;0;1;0;1;1;0;0;1;0;1;0;1;0;1;0;1;1;0;0;0;0;1;1;0;1;0
0;0;1;0;0;1;0;0;1;0;1;0;1;0;1;0;1;1;0;0;1;1;0;0;1;0;1;1;0;0;1;0;1;0;1;0;1;0;1;0;1;0;1;0;1;0;1;1;0;0;1;0;1;0;1;0;1;0;1;1;0;0;0;0;1;1;0;0;1
0;0;1;0;0;1;0;0;1;0;1;0;1;0;1;0;1;1;0;0;1;1;0;0;1;0;1;1;0;0;1;0;1;0;1;0;1;0;1;0;1;0;1;0;1;0;1;1;0;0;1;0;1;0;1;0;1;0;1;1;0;0;0;1;0;1;0;0;1
0;0;1;0;1;0;0;0;1;0;1;0;1;0;1;1;0;1;0;0;1;0;1;0;1;0;1;1;0;0;1;0;1;0;1;0;1;1;0;0;1;0;1;1;0;1;0;1;0;0;1;1;0;0;1;0;1;1;0;0;1;0;0;0;0;0;1;1;0
0;0;1;0;1;0;0;0;1;0;1;0;1;0;1;1;0;1;0;0;1;0;1;0;1;0;1;1;0;0;1;0;1;0;1;0;1;1;0;0;1;0;1;1;0;1;0;1;0;0;1;1;0;0;1;0;1;1;0;0;1;0;0;0;0;0;1;1;0
0;0;1;0;0;1;0;0;1;0;1;0;1;0;1;1;0;1;0;0;1;0;1;0;1;0;1;1;0;0;1;0;1;0;1;0;1;1;0;0;1;0;1;1;0;1;0;1;0;0;1;0;1;0;1;0;1;1;0;1;0;0;0;0;0;0;1;0;1
0;0;1;0;0;1;0;0;1;0;1;0;1;0;1;1;0;1;0;0;1;0;1;0;1;0;1;1;0;0;1;0;1;0;1;0;1;1;0;0;1;0;1;1;0;1;0;1;0;0;1;0;1;0;1;0;1;1;0;1;0;0;0;0;0;0;1;1;0
0;1;0;0;1;0;0;0;1;0;1;0;1;0;1;1;0;1;0;1;0;1;0;1;0;1;0;1;0;0;1;0;1;0;1;0;1;1;0;0;1;0;1;1;0;1;0;1;0;0;1;0;1;0;1;0;1;1;0;1;0;0;0;0;0;0;0;0;0
0;1;0;0;1;0;0;0;1;0;1;0;1;0;1;1;0;1;0;1;0;1;0;1;0;1;0;1;0;0;1;0;1;0;1;0;1;1;0;0;1;0;1;1;0;1;0;1;0;0;1;0;1;0;1;0;1;1;0;1;0;0;0;0;0;0;0;0;0
0;1;0;0;1;0;0;0;1;0;1;0;1;0;1;1;0;1;0;1;0;1;0;1;0;1;0;1;0;0;1;0;1;0;1;0;1;1;0;0;1;0;1;1;0;1;0;1;0;0;1;0;1;0;1;0;1;1;0;1;0;0;0;0;0;0;0;0;0
0;1;0;0;0;1;0;0;1;0;1;0;1;0;1;1;0;1;0;1;0;0;1;0;1;0;1;1;0;0;1;0;1;0;1;0;1;1;0;0;1;0;1;1;0;1;0;1;0;0;1;0;1;0;1;0;1;1;0;1;0;0;0;0;0;0;0;0;0
0;1;0;0;0;1;0;0;1;0;1;0;1;0;1;1;0;1;0;1;0;0;1;0;1;0;1;1;0;0;1;0;1;0;1;0;1;1;0;0;1;0;1;1;0;1;0;1;0;0;1;0;1;0;1;0;1;1;0;1;0;0;0;0;0;0;0;0;0
0;1;0;0;0;1;0;0;1;0;1;0;1;0;1;1;0;1;0;1;0;0;1;0;1;0;1;1;0;0;1;0;1;0;1;0;1;1;0;0;1;0;1;1;0;1;0;1;0;0;1;0;1;0;1;0;1;1;0;1;0;0;0;0;0;0;0;0;0